gene_id	chr	start	end	strand	transcript_length	exon_number	R153	R217	R229	R287	R304	R320	R338	R352	R357	R359	R360	R370	R380	R399	R517	R530	R563	R630	R703	R761	R805	R812	R822	R85	R850	R88	R900	R911	R93	ed10	iso1	w501	lara10	SZ116	tai18	mean	var	sd	max	num_greater1
G10930	3L	5376709	5377809	-	1621	1	0.00549807	0.0130115	0.00645158	0.0377314	0.056192	0.237156	0.00601218	0.0416745	0	0	0.0203464	0.0400318	1.37799	0.0222764	0.0561568	0.0284826	0.00884553	0.014489	0.491372	0.112561	0.034349	0.140018	0.0450088	0.0107935	0.00475509	0.0669321	0.00955986	0.0318745	0.0239571	0.0124208	0	0.0937122	0	0	0.0507615	0.101500921034483	0.0697470434324093	0.264096655473729	1.37799	1
G11134	3L	5580635	5581912	+	283	1	1.64798	0.743019	1.50584	0.703459	1.339	0.653621	1.70684	2.42675	4.89519	3.58519	1.08367	0.107129	1.04665	1.58124	2.14481	0.816581	1.39931	1.4641	0.804658	2.04794	1.61925	1.66979	0.287584	2.50045	0.0674494	0.361937	1.75747	1.07124	1.63804	2.39929	0.907973	2.80893	1.46516	0	4.29977	1.47159266896552	1.03068972869628	1.01522890458077	4.89519	20
G11225	3L	6295208	6296380	-	1561	4	0.0122538	0.00362399	0.667054	0.0120373	0.551309	0.03795	0.0134267	3.27944	0	0.0288538	0	0.0149244	0.988166	1.7566835	0.00597796	0.0190837	0.805758	0.0890973	0.596739	1.559503	0.363671	0.0324044	0.0394973	0.067715	0.0266395	0.00648469	1.03336	0.0152255	0.124739	0.18007	0.376171	0	0.0679753	0.024738	0	0.419021304827586	0.540956964094125	0.735497766206074	3.27944	4
G11373	3L	6295910	6297920	+	492	1	0.906217	0.678878	0.33309	0.516384	0.578933	0.389358	0.943584	0.732371	3.28767	1.11934	1.29433	0.670567	0.257604	0.970638	0.888297	0.447773	1.34754	11.7978	0.692461	1.3994	1.82117	3.31339	0.634273	1.63835	0.872634	1.30082	0.72873	1.84771	1.42842	4.28315	1.86111	17.5394	2.21104	22.923	16.8753	1.47716317241379	4.49079098239786	2.11914864565888	11.7978	12
G11418	3L	6299178	6299498	+	429	1	0.576026	0.498706	0.161451	0	0.0215992	0.0819877	0.418512	0	0.621673	0.780326	0.0653995	0.176891	0.245092	0.03072	0.0297556	0	0.0735816	0.40675	0.0345736	1.72019	0.0286562	0.274415	0.0694188	0.254076	0.0582595	0.606117	0.476958	0.160023	0.539138	0.572198	0.0925455	0	0	0	2.36406	0.290010196551724	0.129780259162502	0.360250272952711	1.72019	1
G1251	3L	6303421	6303793	+	2254	9	0.00866063	0.9369281363	0	0.00422976	0	0	0.00471758	0.00407712	0.00514184	0.00404103	0	0	0	1.1841217	1.115231	0.518166	0.00955812	0.00283559	0.00468427	0.00351863	0.2324066	0.3032149	0.00252159	0.140505	0	0.00229278	1.5177318	0.00358522	0	0.00488471	0	0.147011	0.0236729	0	0.0792579	0.207178251596552	0.179178179271386	0.423294435672602	1.5177318	3
G1258	3L	6307444	6308090	-	799	1	2.13262	1.90189	0.0446035	1.80485	0.869638	0	0.945241	1.22946	1.852	0.786864	0.111242	1.17633	4.0142	0.615349	1.78654	0.142868	0.325905	0.443654	2.10916	0.536157	0.102194	0.190658	0.859206	0.109849	0.135088	0.0453224	0.255713	1.27118	0.450946	0.251177	0.101112	0.28535	0.214622	0.0501965	7.86976	0.905128548275862	0.847087740953746	0.920373696361291	4.0142	10
G1266	3L	6655052	6655821	-	227	2	0.972986	0.140842	0.939245	1.43973	0.41999	2.13717	1.32543	0.974331	0.508693	0.843182	0.991598	1.58663	0.953796	0.682495	0.500844	0.679511	0.655553	2.15615	1.70226	0.685671	0.342207	0.622449	1.13438	1.84819	0.657822	0.168849	0.352874	0.34282	0.123092	5.35101	0.408134	2.2066	0.858435	1.10667	0	0.892716896551724	0.32824365719881	0.572925525001994	2.15615	8
G1268	3L	6656805	6657452	-	283	1	0.531608	0.0309591	0.602336	0.293108	0.267801	0.186749	0.656475	0.497796	0.734279	0.121532	0.451528	0.48208	0.627991	0.316248	0.0630827	0.753767	0.570089	1.20573	1.31671	0.553498	0.502527	0.633369	0.251636	0.625113	0.337247	0.139207	0.184996	0.312445	0	2.08359	0.0907973	1.05335	0	0	0	0.456893337931034	0.0968641729197853	0.311230096423507	1.31671	2
G1351	3L	6659382	6660372	+	333	2	0	0.0235557	0.0277964	2.14034	0	0	52.8906	32.9678	0.0603022	105.438	0	0	0	0	0	0	1.40432	0	0	0	1.09814	0	0	31.8391	0.0475662	1.01599	2.8416	0.0337205	111.043	62.126	0.0687447	0.258577	0.272111	0.527508	0	11.8231665862069	868.17082080495	29.4647386006554	111.043	10
G1355	3L	6847772	6848187	+	448	2	0	0	0	0.809578	0	0.075983	4.81733	8.93737	0	8.38416	0	0	0	0	0	0	0.778055	0	0	0	0.727281	0.0255956	0	4.70754	0.0269456	0.108598	0.246644	0	11.0147	9.45891	0	1.1042	0.827022	2.39966	0	1.4020613862069	9.34728343148993	3.05733273156356	11.0147	5
G1406	3L	6849163	6849480	-	421	2	2.67752	0.660996	1.01741	2.25724	0.422819	1.73836	0.696069	2.02617	1.20258	0.089413	0.60627	0.807829	0.75655	2.43851	0.0613737	5.07422	1.13779	0.419719	1.6424	1.23679	0.559509	0.311389	2.50258	2.58413	3.04486	0.637487	2.10713	3.61814	1.19415	8.43469	0.428314	1.04346	0.365524	0.718853	2.43774	1.50101392068966	1.379146648104	1.17437074559272	5.07422	17
G1515	3L	7545350	7547274	+	4434	8	0.3073433	0.28036035	0.2422118	0.2562015	0.7116135	0.5381903	0.6957093	0.8657046	0.7746684	1.367605	0.3866063	0.08027264	0.3613502	0.0758854	0.11881128	0.2441545	0.9214994	1.1518815	0.6208654	0.19298181	0.3997599	0.8268389	0.280974	1.478133	0.3969134	0.2399315	0.1446153	0.21715362	0.410133	3.62412	0.16330824	0.3311883	0.05385105	0.05216082	0	0.503047210344828	0.142215651899364	0.377114905432501	1.478133	3
G1547	3L	8717620	8718359	-	604	1	0.311394	0.0814917	0	0.193762	0.223532	0.212346	1.27811	0.17505	0.649457	0.294002	0.399113	0.300445	0.280454	0.556199	1.07919	0.130531	0.678031	8.56424	74.6748	0.0461406	0.72183	0.294127	53.5662	1.07984	34.7537	0.0365064	0.57151	90.522	4.21715	0.198158	0.230136	0.307725	0.10513	0	0.34977	9.51348798965517	547.176800356776	23.3918105403745	90.522	9
G1620	3L	10211572	10212370	+	375	1	0.267648	0	0	1.0364	0.0537349	0.0525727	0.159731	0.44142	0	0.325927	0	0.158667	0	0.0383473	0.130597	0	0.030721	0	0	0.131386	0	0	0.301706	0.0695916	0.112134	0	0.0290918	0	0.051015	0.273278	0.283853	0	0.11089	0	0	0.116920355172414	0.0448344575674547	0.211741487591484	1.0364	1
G1625	3L	10212422	10213155	+	1481	7	0.5366683	0.4200625	1.245276	0.26852707	0.3144813	0.3369164919	0.2243388	0.3310428	0.5789442	0.563581	0.237897	0.302068	0.826244	0.8562682	0.638985	0.15772060482718	0.611156	0.7192034	1.322155	0.2828014	0.5210067	0.491481	0.611994	0.3558354	0.2862934	0.1407709303	0.4423125	0.33446	0.221516	1.4870128	0.2994699	0	0	0	1.19407471803	0.488965758518179	0.0845397597580879	0.290757217895082	1.322155	2
G1626	3L	10762604	10763310	+	553	3	1.55182	0.958105	0.2932286	0.898702	0.227227	0.544048	0.38953	0.367337	0.4928293	0.821414	0.114276	0.361115	1.3933694	1.02225	0.7251111	0.532441	0.130849	0.253932	0.2471337	0.140478	0.765709	0.341375	0.791398	0.822462	0.514445	0.6559071	0.6464408	0.534913	0.841384	5.28024	1.55876	0	0.310845	3.40856	0.526816	0.599283793103448	0.127521505328983	0.35710153364132	1.55182	3
G1725	3L	10791440	10792203	+	2411	6	0.0350949	0.6637096	0.60216	3.565837	1.305915	0.809343	0.225918	0.0097351	1.501962	0.82409	0	0	0.6419727	0.2301925	0.928253	0.5813479	0.1413106	0	0	0.97614	0.1672723	0.0668464	0.00595693	0.1291383	0	0.8061047	0	0.0386386	0	0.629038	0.0329633	0	0	0.1633464	0	0.49161857	0.542684550374864	0.736671263437678	3.565837	3
G1817	3L	10793052	10793564	-	821	2	0.0355981	0.119039	0.107747	0.712312	0.0177014	0	0.105967	0.0582206	0.0154232	0.299479	0.143417	0	0.0583842	0.0495524	0.0119055	0.326503	0.0885724	0.121306	0.026975	0.040601	0.123667	0.0541582	0.220088	0	0.173758	0.0689602	0.226939	0.226424	2.87924	0.607662	0.0782666	0	0	0.0485534	1.72658	0.21765304137931	0.282785713336307	0.531775999210483	2.87924	1
G1851	3L	10795298	10796076	+	479	1	0.563997	0.703943	0.72418	1.17193	0.492801	1.28858	1.58092	0.566156	0.456696	1.77313	0.627082	0.31761	0.624504	0.336812	0.42496	0.491612	0.969792	0.648866	0.809094	1.59082	0.932377	1.01288	0.968002	1.00715	0.0720498	0.321778	1.02147	1.74098	1.02434	1.62706	1.02557	0.285087	0.223132	1.68067	0.495605	0.836707303448276	0.197522374665185	0.444434893617934	1.77313	10
G2070	3L	10911107	10911582	-	506	2	0.239925	0.410232	0.541534	0.247903	0.134716	0.123972	0.67945	0.543595	0.0299977	0.0670537	0.595765	0.175164	0.385039	0.0955182	0.230123	0.214913	0.266057	0.125609	0.106069	0.0400029	0.569187	0.042334	61.9437	0.13306	0.131612	0.0574613	0.151693	0.181474	0	0.326539	0.146091	0	0	0	12.5157	2.3607986137931	131.354730776761	11.4610091517615	61.9437	1
G227	3L	11241948	11243110	-	867	3	0.0333754	0	0	0	0	0	0	0	0	0.0215134	0	0	0	0	0	5.61383	0	0	0.0125826	0.00946739	0.0115933	0	0	0	0	0	0.00967139	0	0	0	0	0.257956	0	0	0	0.196966671724138	1.08543070296278	1.04184005632476	5.61383	1
G2621	3L	11328524	11329728	+	393	1	0.841885	2.10011	0.290561	1.32504	0.472376	0.72102	1.10908	0.644552	0.630509	2.60822	0.97803	2.25361	0.240405	1.27512	0.430332	1.12526	1.02011	0.541818	1.24438	1.69414	1.4015	0.76201	1.19628	1.38816	0.718487	1.95035	1.02991	1.14463	0.189597	0.435395	0.316771	0.38862	0	0.266849	0.341398	1.080258	0.366412949117929	0.605320534194842	2.60822	16
G2632	3L	11339549	11341973	-	1966	7	1.916711	0.589936	1.6989993	3.02827	2.056206	0.3503032	1.7914	3.16983405	1.800393	3.05123	2.428821	1.161135	2.532811	1.84365697674	1.701544	0.969409	6.9142222	8.481014469465	2.6486571	0.916352	0.866577	0.1590491	1.44051	0.505256	1.0351257	1.111947	0.940946	1.688044	1.706697	1.53892251644	0.693787	9.2805492929141	2.38472672780416	4.66092257622162	0	2.0174157619381	3.16988762624514	1.78041782350243	8.481014469465	21
G2784	3L	13054714	13058824	-	1021	4	1.2536957	1.1431295	0.230881	0.693715	0.625742	1.022631	0.234207	1.6742371	1.33161	1.62047	0.482399	0.334711	2.5199076	0.4574466	0.3525524	0.106167	1.7357849	1.24878	0.6649879	0.3803335	0.5583168	0.8541688	0.8351135	0.691872	2.3795185	0.408675	0.783944	1.0572117	0.619229	0.325535	0.816052	0.0591451	0.183273	0.411599	0.0980284	0.906946120689655	0.379086859047305	0.615700299697268	2.5199076	11
G3076	3L	14899275	14899680	+	841	1	0.126853	0.115705	0.00696937	0.115254	0.163245	0.687787	0.642954	0.38404	1.48116	4.52562	0.200143	0.957011	0.907101	0.0240403	0.161721	0.0731443	0.133685	0.180443	0.0261571	0.383823	0.432654	0.0630304	0.358355	0.21786	0.126266	0.109679	0.0902263	0.153066	0.593173	0.131185	0.0760256	0.803357	0.301187	0.282901	73.7547	0.463488474827586	0.726298249272749	0.852231335537921	4.52562	2
G3266	3L	15171725	15174700	-	442	1	1.05155	0.0308472	0	0.0275424	0.0618538	0	0	0.027919	0.296364	0.110173	0.145717	0.0240646	0.0334642	0	0	0.0584279	0	0	0.0657942	0	0.0549134	0.15689	0.0828236	0.188897	0.0827985	0.0830042	0.114268	0	0.11903	0.030428	0	4.51026	1.35218	2.55982	0.281414	0.0971152413793103	0.0385839413905218	0.196427954707373	1.05155	1
G3638	3L	15407684	15414419	+	1060	2	0.326179	0.00520867	0.331165	0.00873416	0.559665	0.457898	1.83179	0.527333	0.56329	1.01045	0.356084	0.559897	0.893224	0.634916	0.135064	0.101583	0.446675	0.526041	2.71974	2.96072	1.41428	0.410711	0.307774	0.0522871	0.423862	2.35878	0.229917	0.41654	0.3995	0.0899682	0.0289394	0.20272	0.10001	0.28653	0	0.723079583793103	0.616182803598881	0.784973122851274	2.96072	6
G3677	3L	15704535	15707722	-	539	3	5.860663	1.1066876	2.9973685	1.60736	2.849462	2.297555	3.41466	11.815065	6.3480353	2.777335	9.860726	2.398629	1.1401	2.86821	0.026717	2.345138	2.211095	7.186211	3.020528	5.396597	3.001573	7.46259	2.7687277	1.613819	7.473307	0.842407	1.63738	3.424195	0.846162	5.481724	2.221643	7.23993	4.11814	4.674855	68.69309	3.67580355517241	8.12193446844239	2.84990078221021	11.815065	26
G3678	3L	15708211	15708597	+	915	1	0.0417785	0.0431694	0.659205	0.228847	0.620231	0.818381	0.0696313	0.376226	1.10441	0.0704365	0.801072	0.652389	0.179229	0.996358	0.35902	0.24202	1.04956	0.762912	0.564444	0.928869	0.0108831	0.245743	1.09418	0.145051	0.660547	0.0055204	0.00907987	0.0173238	0.490144	0.0474649	0.0171857	0	0.060065	0	0	0.456781409310345	0.141629390150756	0.376336804140595	1.10441	3
G3742	3L	17857697	17857975	-	227	1	0	0.18779	0	0.26995	0.139997	0	1.22348	0	0	0	0.42497	0	0.211955	1.46249	0	0	0.409721	0	0	0.0857089	0	0.444607	0.170157	0	0	0	0.352874	0	0.369275	0	0.408134	1.1033	2.00302	0	0	0.198378444827586	0.125375212650681	0.354083623810367	1.46249	2
G3743	3L	18319083	18319331	+	498	1	0	0.130961	0.0142184	0.230631	0.0172346	0.0636118	1.05579	0	0	0	0.069679	0	0.281293	0.317874	0	0	0.194626	0	0	0	0	0.195228	0.124662	0	0	0.0117407	0.174367	0	0	0.333831	0.448135	14.5372	1.12018	0	0	0.0993764310344828	0.0432244785893951	0.207904974902947	1.05579	1
G3764	3L	18555960	18556741	-	925	1	0.288769	0.420195	0.241609	0.0821352	0.589198	0.185254	1.11107	0.180594	0.265784	0.436868	0.395329	0.0858235	0.0884579	0.277862	0.256721	0.206296	0.509357	0.676109	0.278427	0.226905	0.290141	0.475584	0.257703	5.80925	0.0837595	0.163534	0.385522	0.222367	0.241926	0.667761	0.373254	0.596082	0.148107	0.0420467	0	0.508018968965517	1.08456993424247	1.04142687416951	5.80925	2
G3849	3L	20898712	20899661	-	707	1	1.60591	0.27649	0.461358	1.37538	1.41052	0.773334	0.76737	0.621661	2.43334	0.768353	0.919491	0.0847503	0.597872	0.810185	0.504909	0.803468	0.786916	0.922162	1.98575	0.395504	0.681548	0.94763	0.874789	0.824312	0.345504	0.157569	1.02539	1.36857	3.0024	1.31362	0.399808	0.749761	2.86509	3.04053	0	0.949394320689655	0.425775963649347	0.652515106069849	3.0024	8
G4062	3L	20898768	20900407	+	1366	4	0	0	0.04576839	0.0929908	0.0447051	0	0.113167	0	0.0770576606345	0	0	0	0	0.114078	0.00331556	0	0.09758	0.0971962	0.00949437	0.0615579	0	1.402387	0	0	0.00758535	0	0.0117803	0.028315	0.0124776	0.600213	0	0	0.241651	0.104024	0	0.0765329734701552	0.0666192838513256	0.258107117010216	1.402387	1
G4063	3L	21993213	21994536	+	1303	3	0.1383854	0.040837	1.575078	3.01965	1.615665	0.0747594	2.867576	0.253679	4.36011	1.887059	0.3393732	0.720381	0.1133877	15.87057	0.00577574	0.02438138	3.20844	8.59065	0.680084	6.38721	0.0784673	3.25657	0.0206743	3.050034	1.366681	0.0182798	0.1604022	0.880128	0.0203611	0.78291	0	0.870304	0.0195228	1.367356	1.78529	2.09050515586207	11.3863239681276	3.37436274993185	15.87057	13
G4065	3L	22128738	22129527	-	1992	2	0.0352194	0.0078174	1.63154	0.503237	6.4171	0.0268865	5.77108	0.203184	6.51401	0.472631	0.276001	0.559189	0.021264	3.76666	0	0.00454491	3.01935	5.51399	0.109583	4.05136	0.0183331	0.660632	0.00512847	0.67256	2.08204	0.00233091	0.0229646	0.222345	0.0063808	0.451948	0.0215344	0.0498321	0.0602027	0.0354094	0	1.46887455482759	4.76163326052126	2.18211669269113	6.51401	9
G4066	3L	22129781	22130423	+	450	1	0.0512622	0	0.166275	3.00221	1.10302	0	0.867298	0.0542694	7.19771	1.55242	0.020257	0.140244	0	5.27435	0.0137794	0.0284261	1.18167	1.93975	0.0319453	3.4706	0	0.737153	0	0.288993	0.668317	0	0.0445639	0.298877	0	0.68187	0	0	0	0.216702	0	0.970116906896552	3.00533856053452	1.73359123225013	7.19771	8
G4067	3L	22248901	22249373	+	635	1	0.0162372	0	0.040198	0.280086	0.196735	0	0.239075	0.0163299	2.20701	0.209793	0	0.0840433	0	0.450124	0	0	0.261465	0.793499	0.0760472	0.573114	0.0169348	0.152331	0	0.146785	0.201177	0	0	0	0	0.0743015	0	0	0.0978449	0.0671331	0	0.205551186206897	0.185482377870815	0.430676651179066	2.20701	1
G4076	2R	7150134	7150526	-	1552	3	0.661778	0.18757	0.0440273	0.619081	0.181366477	0.0142406	0.4552892	0.1778538	0.924209	0.483416	0.468604	0.05215214	1.116086	0.304028	0.1329262	0.0995725	0.818775	0.7277238	0.767869	0.714142	0.150073	0.471568	0.2385558	0.2592919	0.1515462	0.2156229	1.657692	0.1975104	0.5613	0.827907	0.0470945	0.163922	0.111836	1.37216000603571	5.43997	0.443236904034483	0.141034756042392	0.375545943983411	1.657692	2
G4077	2R	7307578	7309597	+	1691	11	5.1093510436347	2.09284040859291	1.14740045	12.7204407004	0.3737765	0	2.8614273	6.34374257	6.84544538580984	4.0354802	3.8812281	1.3355921	2.96536100157044	2.5154791	0.722443	0.5292986	6.7494783424186	7.08348300038481	1.0194238	6.1752132	1.4676745	2.9631252	0.953785586	4.850666872556	4.4269959	3.79604314	7.398469	1.3793374	4.4374413	0.7107982	0.9362315	0	0.3581669	0.9647308772	13.834244	3.66139461039198	8.21232986124676	2.8657162911298	12.7204407004	24
G410	2R	8585709	8586729	+	827	1	0.0823469	0.0138846	0	0.0235315	0.0263143	0	0.0131274	0.0115372	0.0152816	0	0	0	0.0433999	0	0	0	0.0195036	0.0400651	0.0133621	0.0201113	0.0245201	0.0429262	0	16.3133	0.0107563	0.00621531	0.0409063	0.0683162	0	13.1046	0.0193951	0	0	0.0481237	0	0.580324341724138	9.15640688318476	3.02595553225502	16.3133	1
G4140	2R	11262892	11263732	+	5339	2	0	0	0.00543611	0.00304755	1.36515	0.00187879	0.924417	0.00583951	0.00580108	0	0.0103526	0.00124475	0.0226434	0.010956	0.000751218	0.00965705	0.192624	0	0	0	0.00491253	0.0229522	0.00635183	0	0.00394881	0.0033352	0.0424098	0.0221306	0.00453651	0.00707721	0.00510956	0	0	0	0.493767	0.0920819495862069	0.0897594357376712	0.29959879128206	1.36515	1
G4230	2R	13025213	13025654	-	3929	8	0.644575	0.2007474322	0.6096215	1.6227163005692	0.1056293400065	2.15290381	2.2378521	0.622166	0.59775741	3.504318	2.0050740434	0.5698834	3.574318	0.56850529	0.8192891	0.9236807	0.8444282	1.1941239	0.6807021	2.40749266	1.63757685	0.5368704	0.101101100090521	1.3352577	0.8065168	0.3042379	2.23759601	2.1365778	0.8133846	0.8282145	0.05637348	0.4847802	0.0442168	0.178003	0.0476326	1.23430701538849	0.895134921223914	0.946115701816598	3.574318	12
G4237	2R	16742994	16744194	+	3126	10	0.7249361	0.7534973	0.096415	0.0163169	0.0125592276	0.9529751	0.7680107	1.7367238	0.2658529	0.09429295	1.76607752	0.13596232105	2.032522403625	0.4625932579449	0.7953042	0.00891361678	0.0144247	0.8630722	1.2633076	1.21609100023577	0.16275508	0.2658822	0.12286357	0.5767382641138	1.034579	0	0.0210298	0.660848	1.09453304285	0.2231816	0.0711965	0.0170297	0.00817829	0.057956761	0.235672898	0.61789923290343	0.346792814812098	0.588891173997453	2.032522403625	7
G4277	2R	17186175	17186482	+	381	2	8.7218	0.305986	14.3366	3.79585	2.22406	21.6781	5.60192	15.0685	13.4787	3.41739	6.46536	7.46743	0.294776	0.485171	1.54307	0.629254	8.21923	1.19254	3.34753	1.11835	5.73885	9.07457	4.45035	2.17146	5.44256	5.37201	5.36741	5.20862	5.62035	18.7343	2.49176	25.3748	7.12691	15.8452	1.44	5.78751024137931	25.690572477221	5.06858683236471	21.6781	25
G4286	2R	17187837	17188751	+	317	1	0.2623	0.102048	0.974086	0.763126	3.46999	0.588139	0.371604	7.24147	2.23793	0.684923	0.617718	2.49122	2.97184	0.872784	2.22725	0.508285	0.41557	3.28025	0.17687	3.96883	0.274884	0.650284	0.783856	1.24762	2.58844	0.344121	0.114088	0.402586	1.14197	10.516	0	0.283159	1.33675	0.191561	0.4961	1.4404855862069	2.53427262800539	1.59193989459571	7.24147	11
G4332	2R	17210396	17210622	-	233	1	0	0	0	0.0853542	2.1251	0	0	0	0	0	0	0	0	0	0	0	0	0	0	0	0	0	0	0	0	0	0	0.0650141	0	0.27678	0	0.523838	0	0	0	0.078464424137931	0.155322102601887	0.394109252114039	2.1251	1
G4371	2R	17210763	17211260	+	702	1	0.415741	0.304249	1.02802	0.665067	0.334299	0.990479	0.564665	0.44213	0.453481	0.888407	0.163749	0.770006	0.51457	0.196869	0.262101	0.321275	0.685973	0.82193	0.828438	1.03573	0.61279	0.53148	0.631839	0.372851	0.335509	0.567647	0.598183	0.845015	0.529615	0.589023	0.735577	0.168147	0.595609	0.354002	0.566808	0.576279586206897	0.0614096249146798	0.247809654603447	1.03573	2
G4457	2R	17390730	17391654	-	273	1	1.02094	2.57644	5.08679	3.26204	0.383188	2.41919	1.40658	1.80641	5.60759	0.0652019	1.93999	4.42214	9.02548	0.473294	0.882576	1.81398	3.7399	4.35381	2.12059	4.92939	0.536681	1.10968	1.04095	1.76402	1.6845	1.81082	2.66609	0.714853	2.00933	2.76729	0.290214	0.754404	0.196832	1.01342	0	2.43698082413793	3.89133195209021	1.9726459266909	9.02548	23
G5117	2R	18011418	18012124	+	1001	2	0.338868	0.895202	0.360275	0.0747504	1.53181	0.491399	0.187631	0.674265	2.57068	0.207443	1.4885	0.490867	2.84248	0.728428	1.19908	0.227245	0.208298	0.538153	0.452591	1.41697	0.196135	0.338573	1.53505	0.7174	0.311759	0.970443	0.0163663	1.82618	1.66694	0.384527	1.31445	3.47072	0	16.1611	0	0.844957989655172	0.548394996198559	0.740536964775263	2.84248	9
G5130	2R	20052567	20056634	-	2145	3	4.2542145	2.1066593	2.8239063	3.2490033	1.7259273	1.540411	4.2681197	3.5352031	0.8808987	4.2739717	2.0066016	3.0786162	0.6959647	2.6958781	3.9999461	2.9023451	4.1226137	2.8556607	2.765331	1.6808872	7.3424765	1.4080163	1.6786049	1.2851303	1.8197428	2.7438537	6.5926901	1.52485736	1.8031279	0.809771	0.4919734	0.634685	0.219705	0.1767349	0.456926	2.81588479862069	2.42055724416427	1.55581401335901	7.3424765	27
G5203	2R	20056757	20058059	+	2011	5	0.0360125	0.6184111607	0.5205148	0.0808853	0.152128	1.06736	1.28674	0.35292379571	0.244604	0.09355	0.035352	0.199644	0.31054344	0.1672584	0.130702	0.6806098	0.7718893	0.519355	1.28527	0.5369669	0.562582	1.065994	0.393379	0.687079	0.4375649	0.2905217	0	0.5130498	0.332812	0.408031	0.3784271	0.0342687	0.123216	0.0229462	0.247495	0.461162165393448	0.131647990256746	0.362833281627727	1.28674	4
G5204	2R	20058935	20060999	+	1173	1	0.0550221	0.748006	0.405857	0.0465838	0.133028	0.62234	1.07395	0.0829831	0.959262	0.0522929	0.0468926	0.567343	0.268037	0.10466	0.197206	0.27086	0.390056	0.125841	0.530679	0.725985	0.687731	0.567124	0.514509	0.511783	0.416383	0.943769	0	0.964084	1.02076	0.0623223	0.450906	0.164617	0.508665	0.0955925	0.295582	0.44941474137931	0.114745880706525	0.338741613485153	1.07395	2
G5205	2R	20059353	20059802	-	321	1	0.770919	2.19888	0.32712	0.0932629	0.247066	1.57643	2.85734	2.14768	2.70426	0.334652	0.284142	0.504376	1.84517	0.351491	0.371273	0.595906	0	1.24899	3.6835	3.79212	1.21143	2.35895	0.397082	0.587703	0.718864	0.988545	0	2.25742	1.31511	1.36239	0.511716	0	0.435096	0	1.45449	1.23343730689655	1.21045949958197	1.10020884362105	3.79212	13
G5206	2R	20059986	20060620	-	373	1	10.8256	12.04	5.21955	7.27984	4.63441	7.64283	21.0229	20.3898	10.6399	8.47778	16.1636	11.4028	36.646	8.59105	14.4441	1.49488	9.4594	7.27068	16.9496	19.133	21.8759	9.51618	0.608872	2.31447	1.51089	10.5098	1.08526	17.8626	56.7954	55.8266	2.3472	207.319	24.5052	81.2873	3.72917	12.8209342068966	133.796287231023	11.567034504618	56.7954	28
G5212	2R	20140977	20142466	-	647	4	0.1979068	0.0747612	0.0783782	0	0.110179	0.106805	0.6146616	1.1063042	0.337426	0.0660421	0.25492	0.290966	0.2617691	0.135034	0.129879	0.0680476	0.2797115	0.110493	0.3591001	0.2850919	0.347353	0.017184991609	0.1078776	0.0318354	0.1536132	0.2603642	0.0275768	1.557213	0.799772	0.126951	0	0	0	0	0.317197	0.281733327296862	0.11933642323352	0.345451043179087	1.557213	2
G5232	2R	20142029	20143580	+	791	4	0.07193148	0.0105858	0	0.2936226	0	1.067162	0.0947177	0.0365366	1.742532	6.45386	0.0831628	0.0728559	0.404357	0.2900288	0	0.505159	0.138371	0.0126746	0.032391	0.0642494	0.225124	0.0341175	0	0.1269211	0	0.0758818	0.0156337	0.0896761	0.267661	0.5153842	0.0299346	0.855165	11.47649	35.41699	129.915	0.421007340689655	1.48151270320028	1.21717406446255	6.45386	3
G5233	2R	20677572	20682967	-	648	1	0.0791476	0.0373089	0.0195536	0.449138	0	1.42803	0.0358087	0.0635313	2.52537	7.95878	0.242287	0.054485	0.747407	0.623294	0	0.984682	0.0267772	0	0.0184841	0.111428	0.181594	0	0.019222	0.142973	0.0601135	0.167089	0	0.0394452	0.516138	0.724009	0.0262631	14.0961	26.7703	53.2882	57.6098	0.570071968965517	2.31766702374535	1.52238859157094	7.95878	3
G5235	2R	21578823	21580878	+	991	1	0	0	0.00569777	0.0189113	0	0.364075	0.0105488	0	0.464227	1.64327	0	0	0.0349347	0	0	0.0499932	0.00780847	0	0	0.0160281	0.00992085	0	0.0112982	0.0377094	0	0	0	0.0157902	0	0.389044	0	0	0.0543355	0.465014	0	0.0927659651724138	0.100188207425194	0.316525208198642	1.64327	1
G5248	2R	21596670	21599795	-	416	1	0	0.100864	0	0	0.068022	0.173277	0	0	0	0	0.526364	0.0797301	0	0.032291	0.0469387	0.0963521	0.0257891	0.535189	0	0.0548691	0.0299653	0.375215	0	0.14786	0	0.0452477	0.0498552	0.0239064	1.86712	0.199704	0	1.94954	0.559294	0	0	0.147546748275862	0.130511825065517	0.361264203963688	1.86712	1
G5250	2R	21750726	21751171	+	318	1	0	0.101515	0	0	0.107807	0	0.052795	0.0993479	0	0	0.14448	0	0.170509	0	0.0251689	0.0505206	0	1.06439	0.117174	0	0	0.0923694	0	0	0	0.182567	0	0	8.21728	0.051277	0	2.815	0	0	0	0.359514613793103	2.32327342213193	1.52422879586102	8.21728	2
G5309	2R	21817761	21818077	-	1860	2	0.743926	0.0616941	0.174504	0.602459	0.307083	0.0058035	0.470368	0.0938939	0.148057	0.354489	0.0314873	0.122132	0	0.0526089	0.149259	0.391772	0.0151921	0.077735	0.071948	0.108099	0.320664	0.21954	0.0911862	0.0464359	0.0569989	1.36716	0.135944	0.262875	0.171805	0.155079	0.0927576	1.93314	0.792676	0.820034	0.0434969	0.229486889655172	0.0808536437007174	0.284347751355127	1.36716	1
G5438	2R	22478116	22478348	-	740	1	0	0	0	0	0	0	0	0	0	0	0	0	0	0	0	2.23111	0	0	0	0	0	0	0	0	0	0.028395	0	0	0	0	0	0.235733	0	0	0	0.0779139655172414	0.171521825481035	0.414151935261728	2.23111	1
G5585	2R	22678143	22678844	+	799	1	0.0122564	0	0	2.9958	0	0.0159908	0	0	0	0.0357666	0.00927015	0	0	0	0	0	0	0	0	0.0210258	0	0.0112152	0	0	0	0	0	0.0305084	0	0	0	0.0713376	0.107311	0	0	0.107994253448276	0.308566691902563	0.555487796357906	2.9958	1
G5586	2R	23519353	23519625	-	734	1	1.0182	0.840614	0	69.4779	0.315754	0.591285	1.143	0.188296	0.748296	3.551	0.247497	0.161296	0.385738	0.314403	0.377773	1.09825	0.124896	0.476286	0.546328	1.69252	0.580246	2.16646	0.956323	2.22352	0.504781	0.422972	0.424861	3.74112	0.0400635	0.557304	0.942673	1.74674	1.20148	15.505	0	3.25378201724138	163.123101851273	12.7719654654745	69.4779	9
G5611	3R	3844458	3845024	-	872	5	3.0303559	0.315054	1.5342782	0.2149056797	1.32518	0.0218888	0.275281	0.1291706	0.949985	2.5926154	2.9925331	0.0139767	14.7127541	0.1900308	0.2824867	3.7241006	0.0101523	0	0.09485	2.3588789	0.0169012	2.3711665	0.0146415	0.0162761	0.066443	0.1710358	0.0281765	1.56156	7.234618	0.563612	2.232845	0.382793	0	0.0669953	0	1.59480332343793	9.02899295635931	3.00482827402155	14.7127541	11
G5614	3R	5058974	5060079	-	707	2	0.127905	1.19813	0.147983	0	0.149601	0.0377236	0.399672	0.678176	0.149744	0.0139701	0.108175	0	0.703379	0.390089	0.00721298	0.136438	0	0.186394	0.0492335	0.370785	0.725997	1.78997	0.0600346	0.0568491	0	0.570249	0.0864788	0.519114	0	0.178393	0.141109	0	0.33707	0.116943	0.842083	0.298734609655172	0.169421383580396	0.411608289008368	1.78997	2
G5617	3R	5060146	5061769	+	513	1	0.513899	0.956637	0.448906	0.353524	0.247649	1.51593	0.172717	0.687686	0.764033	0.0875737	0.400521	0.610116	0.647466	0.514823	0.270538	0.11705	0.838086	0.953693	0.856805	1.05753	0.715192	0.89132	0.212261	0.239273	0.600682	0.361067	0.130305	0.374085	0.513201	0.246473	0.358327	0	0.0668904	0.26889	0	0.553536851724138	0.112911941213545	0.336023721206621	1.51593	2
G5620	3R	6128008	6128735	+	725	2	0.0689074	0.0650106	0.0505387	0.0277477	0.0310411	0.400878	0.356064	0.136691	0	0.0405475	0.0209509	0.0117101	0.272541	0.0580873	0.0628171	0.0440386	0.115376	0.322691	1.23769	0.597443	0.37354	0.20366	0.0747329	0	0.154019	0	0.0119803	0.0228792	0.0610293	0.172906	0.0227914	0	0	0	4.20618	0.166296955172414	0.0651488496929933	0.255242727012922	1.23769	1
G5629	3R	7327886	7330661	-	476	1	0.734817	0.0139214	0	0	0	0	0.0275043	0	0	0	0.0186164	0.277982	0.0300117	0.0261599	0	0	0	0.0344875	0	0	0	0.0232503	0.0296106	0.0725963	0	0.0124827	0	1.77592	0	0	0	1.29489	0	0.299308	0	0.106115865517241	0.123409993884117	0.351297585935509	1.77592	1
G5673	3R	7980410	7981396	+	1163	5	0.3951599	0.206397	0.0801031	0.0862516	0	0.0548899	0.3525796	0.3835465	0.4291017	0.167308453	0.4618461	0.0195372	0.0290018	0.2616986	0.0273396	0.0454196	1.207097	0.00581239	0.140613	0.165179	0.0247999	0.0990163	0.1559407	8.225265	0.0560929	0.13061962	0.0689959	0.0263092	0.0463278	0.296677	0.35125	0	0.0245767	0.0965352	0.72157369	0.460422391827586	2.28782171461824	1.5125546980583	8.225265	2
G5684	3R	15648275	15649062	-	1205	1	0.137273	0.0631133	0.117545	0.331197	0.213073	0.17218	0.277089	0.131578	0.20333	0.325761	0.181849	0.193643	0.389859	0.22627	0.277308	0.175061	0.210699	0.330261	0.311824	0.133047	0.22241	0.094968	0.130309	0.44366	0.25533	0.0887492	0.0729298	0.126394	1.51268	0.924023	0.212415	0.523882	3.81199	0.0617973	25.2628	0.253427251724138	0.068034560702519	0.260834354912306	1.51268	1
G5688	3R	16987753	16988347	+	1685	4	2.68859	2.82604	6.71057	3.80632	0.0807572	8.08022	3.44601	1.60638	1.3414	4.30078	5.80135	3.74818	6.61447	5.21686	0.156238	3.05046	3.35081	4.9746	12.6622	6.21564	4.78092	1.92787	0.72382	1.17407	2.4618	0.725525	0.215409	4.65349	2.46447	7.83447	0.451105	0.209493	0.0580806	0.0212432	0.534473	3.64845686896552	7.66200469132691	2.76803263913685	12.6622	24
G5886	3R	17301381	17301976	-	2866	8	1.077841	0.0507053667	0.0320987271	0.4507913	0.0759143	0.06301508	0.28351	0.0699435	0.38177546	0.75404247	0.611719	0.03215975	0.24051349	0.040288446	0.179150429	0.0601169	0.2021017	0.0428625	0.00619013	0.1582698	0.0430884	0.1534375	0.8961709	0.0222826	0.094304662	0.02402081	0.1515609	0.1585139	0.3156915	0.910141	0.32143558	0.225764	0.121526	0.110544381	1.464596998	0.230071742096552	0.0774023250029041	0.278212733358673	1.077841	1
G6002	3R	17599302	17599712	+	406	1	0	0	0	0	0	0	0	0	0	0	0	0	0	0	0	0	0	0	0	0	0	0	0	1.25774	0	0	0	0	0	0	0	1.84254	0	0	0	0.0433703448275862	0.0545486175034483	0.233556454638805	1.25774	1
G6037	3R	19699755	19702146	-	544	3	5.178472	5.331934	0.0720075	5.76762	0.0286485	0	7.57084	7.47705	0.0658878	7.93039	10.46316	9.8809	0	8.82127	7.42442	0	8.23068	0.0517312	5.876133	11.34912	6.986629	0.0465006	4.73897	6.1555	0.169908	5.614183	8.730295	9.99125	0.106907	1.991458	6.752017	55.6374	35.3554	24.2029	7.48804	4.96760022758621	15.603319419326	3.95010372260349	11.34912	19
G6046	3R	23544964	23545491	-	4032	6	0.615484	0.613553	0.729954	1.41407	0.832448	0.448328	0.302218	0.226707	0.600572	0.377937	0.829065	0.746675	1.99765	0.946718	0.479552	0.95995	0.8382	0.214844	1.54806	0.763608	0.150848	0.627365	0.406561	0.182199	1.15782	0.223701	0.00182632	0.992472	0.745661	1.74658	0.911344	2.39404	0.174848	1.10085	0.151255	0.688760217931034	0.20102048870882	0.448353084865957	1.99765	4
G6090	3R	25500522	25501053	+	3096	5	0.7186756	0.8674192	1.15682057	0.1042926	0.42055	20.65978	2.9639	0.0172646	1.04535056788	0.2703399044173	0.5531939	0.046644297	0.4876433	16.776245	0.2939077	1.403086	0.1267800084	1.5764523	0.0402241	0.0661148	1.0273974	0.6417095264	0.1187401	0.0666039	0.15664	0.3795461	8.440118	0.32648	0.6832169	1.181257	1.0749068355	2.472591	0.665835	0.0804682821	0.349952	2.11845297841715	23.9085323487765	4.88963519587878	20.65978	9
G6092	3R	25826538	25826923	+	387	1	0.606276	0.467076	0.149127	0.0679142	0.535592	0.0990017	1.02365	0	0.184909	0.137187	0.180052	0	0.246431	0.181671	0.15899	0.252384	0.0290825	0.314528	0	0.124309	0.366939	0.130411	0.0409049	0.0992665	0	0.117359	0.582452	0.133137	0.0970847	0.594539	0.270236	0.199299	1.05115	0	0.700991	0.218128775862069	0.0537140710469883	0.231762963061375	1.02365	1
G620	3R	25827418	25827748	-	469	1	0.41129	0.312538	0	0.68017	0.508601	0.281	0.674788	0.279764	0.168561	0.301161	0.475809	0.0218865	0.0613209	0.107051	1.05876	0	0.170513	0.247045	0.597711	0.180318	0.202105	0.547379	0.0605197	0.173043	0.0497804	0.152867	0.483746	1.63158	0.182033	3.74414	0.731679	23.8334	15.2287	4.68882	11.2756	0.345563465517241	0.122460096761429	0.349942990730532	1.63158	2
G6312	3R	26009542	26009971	+	279	1	0	0	0	0.300799	0.137678	0	0.13486	2.626	0.0839269	0.0626016	0	0.165179	0.214998	0.259828	0.162269	0.451502	0.320192	0.0886224	0.150609	2.7342	0	0.17714	0.110685	0	0	0.0285533	0	0	0.251917	0.518628	0	0	0	0	0	0.291777937931034	0.451913766996125	0.672245317570993	2.7342	2
G6356	3R	27693076	27694170	-	948	3	0.2467965	0.022673	0	0.549489	0.8354854	4.15123	0.420802	0.8006137	2.11071	0.1814585	0.76764622	0.9064686	0.1930551	1.4118282	0.0410504	0.0952157	0.4414329	0.51008442	0	0.919352	0.133545	0.8223622	0.279165	16.0915144	1.4521479	0	0	0.318963	2.48092	0.636764	0.114525	0	0.0375592	0.0525404	0	1.24772445310345	8.97426199175142	2.99570726069011	16.0915144	6
G6374	3R	27693197	27694193	+	782	1	0.0251523	3.93218	0	8.09636	0	2.86293	0.633205	0	0	0.0367624	0	0	0	0.0131745	0	0	0	8.13949	0.0143633	0.0324341	5.36122	0.0115307	0	1.29084	0	0	4.37304	0	0	0.0143236	0	0.586265	0	0	0	1.20078214827586	5.84225783234552	2.4170762984121	8.13949	7
G654	3R	28256129	28257816	-	211	2	0.0945247	0.436509	0.273471	0.626168	0	0.178942	0.117676	0	0.595127	0	0.247818	0.0969986	1.09475	0	0.0588753	1.79897	0	0	1.05351	0	0.199139	0	0.132684	0	0	0	0.658629	0	0	0.908384	0	5.82791	2.35994	2.17872	0	0.264268675862069	0.18396742946801	0.428914244888195	1.79897	3
G658	3R	29981334	29982002	-	391	1	0.87976	1.10401	2.34456	0.267223	0.0752148	2.42656	3.3178	2.36056	1.7715	0.471935	0.429894	3.77764	0.807881	0.999811	3.61238	1.70189	1.65712	0.332756	3.03734	0.335745	1.14954	0.480391	2.91545	2.89669	0.103605	1.27146	2.67644	4.43042	0.620878	5.66857	3.93737	9.01315	1.55021	4.57384	0	1.66401564827586	1.59258930865932	1.26197833129548	4.43042	17
G6590	3R	30192063	30192934	+	2795	5	1.4175043	0.47850534	0.747157	1.9216564	2.0350163	1.4675612	3.7555863	8.0381491	1.76653	3.137457	4.8887093	1.0997409	6.845297	0.9967844	1.4001482	6.188988	0.784345	2.5032691	3.98812	2.0748664	2.0759883	1.2856054	1.1786439	0.4840817	1.9859406	1.25880171	0.7531409	0.4753172	5.5746523	1.9476862	0.7257931	0.0728214	0.209609	2.4520826	1.95376	2.43474356034483	4.20908279460161	2.05160493141385	8.0381491	22
G6591	3R	31022284	31024144	+	950	1	0.279962	0.0177144	0.107943	0.218763	0.214908	1.71446	1.44217	0.407821	0.424427	0.288301	0.938441	0.805592	1.22418	0.279328	0.173956	0.294433	0.0575251	0.836532	1.21217	0.227949	0.197938	0.442141	0.213907	0.208088	1.26862	0.110993	0.530226	0.464298	0.219753	1.49868	0.0986449	0.154699	0.372341	0.081469	3.15407	0.511122051724138	0.214112856472403	0.462723304440573	1.71446	5
G6706	3R	31680200	31686434	+	1324	1	0.521816	0.954085	0.705604	1.00731	0.422969	0.898559	1.18395	0.498098	0.625033	1.0192	0.862557	0.408721	0.700669	0.307977	0.245387	0.464492	1.29527	0.728976	0.520947	0.493696	1.68754	0.45594	0.625342	0.8922	0.348532	0.475884	0.877457	0.756575	0.439958	2.99066	0.460697	0.548782	0.268239	0.666468	0	0.704301517241379	0.107113465670044	0.327281936058262	1.68754	5
G6726	4	1288199	1288731	-	643	1	0.255742	0.0659231	0.118559	0.259283	0.0846541	0.237019	0.361764	0.208674	0.17015	0.30142	0.0122387	0.110137	0.397363	0.119148	0.245576	0.0514555	0.0811771	0.501443	0.0373685	0.16896	0.15003	0.0898275	0.126234	0.786264	0.0151971	0.0337423	0.180647	0.331929	2.06162	0.146241	0.106102	0	0.144218	0.528368	0.319991	0.260811927586207	0.147515229180686	0.384077113586173	2.06162	1
G6729	X	969500	969941	+	790	3	0.40998	0.219891	0.36954	0.522988	0.4026064	1.983464	1.5596924	0.538098	1.37688	1.0886353	0.5417543	0.15705	0.6997687	1.005847	1.689344	0.131726	0.661241	6.167492	0.255141	0.448091	0.129489	0.30726	1.0545145	2.133135	0.3636485	0.1888226	0.572402	1.27828	3.299884	6.86149	0.102517	0.289418	0.762365	0.0509013	2.15038	1.01919536896552	1.52235454949298	1.23383732699776	6.167492	11
G6733	X	1276877	1277205	+	402	6	1.757463	0.438103	1.4287687	1.81504	0.911606	1.1691507	1.112864	2.3038129	4.219651	1.529471	0.9295257	0.9972971	1.508976	1.2868917	2.9244125	1.185325	0.4932052	0.739449	0.7073817	0.6793745	0.684132	2.4561669	0.648281	0.926535	1.055637	1.276224	1.2403407	1.9712271	3.374979	1.1515064	2.518446	9.407390176777	4.3125500891615	0.68947300375066	40.6744	1.44038935862069	0.792011379529835	0.889950211826389	4.219651	18
G6963	X	15598676	15600296	-	621	7	0.7604039	2.31929	0.958892	9.307327	3.756273	0.4575065	0.123232	0.48135102	3.439676	0.7219963	2.994475	3.220704	1.577342	0.4597686	0.733798	8.959394	7.323668	1.0445693	0.268604	1.276864	0.0295499	1.9118137	0.07176815	1.29182800217042	9.542725	0.3964974	0.507093	0.2159272	0.1519134	8.721127	3.646808	0	0	0	0	2.21738794386795	8.35677868405018	2.89080934757901	9.542725	14
G7056	X	17354921	17355203	-	1660	9	2.978164693	0.013593174	2.0057462	1.9075047	3.79852500109564	4.1812104	1.1281874	1.006796	2.743819	5.24797984	5.6917908	1.829744	8.849243	2.7442291	0.580081348	2.1588478	1.2906043	0.6935254	2.654619	2.9083294	2.4557401	3.39702837	2.813167	1.0450335	2.6060227	1.28678643014	4.749886897	2.1431505	1.737547	3.2883378	4.3152613548352	0.0715233	0.0348635	0	0	2.64299665700813	3.30900111268465	1.81906600009033	8.849243	26
G7057	X	18592983	18596739	-	996	5	0.7716467	0.0113943	0.531299196	0.0670724608	0.7283260105303	0.492230619	0.342065317	0.355256936	1.4400459	0.9531	0.70895600124932	0.63160494	1.979791	0.47532	0.311115737	0.2837021931	0.402035	0.194870648	0.734542551	1.674016	0.582866685	1.32894169351	0.712065	0.124174316	0.181694523	0.214164935	0.75467488	0.527834938	0.381325063	0.43793	0.253627495	0	0	0	0	0.617108053213435	0.225111326740816	0.474458983201727	1.979791	4
G7190	X	20648518	20649009	+	606	3	0.0172269	0	1.50012	2.2096	1.64939	0	0	2.3871	1.29291	2.80599	1.40393	0.0149523	3.09293	1.10733	0.736887	0	0.0146725	0.556227	2.49707	1.65321	1.3657	0	0	1.54333	2.07157	0.672544	1.4677	0.959085	1.38254	3.03854	1.31757	1.02116	0.156949	0.713926	0	1.11731085172414	0.909093889672825	0.953464152274654	3.09293	16
G720	X	21391870	21392298	-	1266	2	0.425782	0.0554667	0.00426958	0.0569091	0.121871	0.0360839	0.119027	0.0552145	0.0639928	0.129878	0.123522	0.849154	0.0526493	0	0.00707823	0.270709	0.257521	0.00959528	0.381777	2.10448	0.0526131	0.0448224	0.0169833	0.0355478	0.0506838	0.114535	0.0439174	0.14949	0.0420674	4.6966	0.425397	4.49645	0.605903	0.0584227	0	0.195711744482759	0.165451956728146	0.406757860069287	2.10448	1
G7283	2L	1445255	1446257	-	2776	2	1.2548237	0.4382031	1.855473	1.4000598	0.9449649	2.477268	1.859303	0.4522852	1.0757612	1.744566	1.0455512	2.308495	0.9642952	1.4665577	0.7665971	0.910083	0.7640482	1.460969	3.808304	0.869702	1.076271	0.8382262	1.5256911	2.204306	0.9001359	0.5362917	0.97468373	0.817689	1.007704	0.7780881	0.6211944	0.233456	0.820698	0	6.20326	1.30166582517241	0.521511337479095	0.722157418766224	3.808304	16
G7357	2L	3392050	3392876	-	987	7	0.5240251	0.3522759	0.66436880859721	0.9102784	0.6000888	1.1936121	0.85252695291	0.710716	0.8330197	1.014939	0.862015	0.556579334138	1.0056649	0.28324523	0.4077366	0.713214	0.912424	0.3236862	0.4341828	0.720368100703474	0.229246	0.377052	0.715603	0.20839	0.1887893	0.081204080108511	0.4911444	0.5786302	0.5103404	3.577973	0.2161947	0.3237796	0.295406	0.92265	16.7553	0.595012631257145	0.0798337321334566	0.282548636757385	1.1936121	3
G783	2L	5681747	5682215	-	479	2	2.34999	0	5.26539	0	0	0.3391	0.218057	1.1077	0	0.0728684	0	14.1019	0.743457	0.803168	0	0.517487	0.165071	0	0	6.75554	0.981449	2.02575	0	0.311738	1.68116	0.40841	0	0.723778	0.565153	2.35923	0.631122	0	0.0743775	0.0988627	17.594	1.34955746206897	8.45778447477978	2.90822703288099	14.1019	7
G808	2L	5897070	5897526	-	1737	2	0.346876	4.51569	0.0955893	0	5.6752	0.106527	5.96101	0.10128	0.0319406	0.0477923	0.0226245	0.00411739	1.49321	0.139252	0.0123818	0.0580617	7.04882	0.714355	0.0388184	0.220814	0.0796684	0.250265	0.0208501	0.135079	0.00439672	0.712879	7.79647	0.0591401	0.0370174	18.764	2.23972	0.0578832	0.0420922	0	0	1.23207330034483	5.64823104290669	2.37660073274976	7.79647	6
G8095	2L	5940611	5941001	-	895	4	7.3782003	4.723452049	13.8318310014072	12.236296301539	6.706232017872	4.9389857	10.756173931754	4.2652714	7.7353813	17.7708690014962	12.211811	6.67282	2.3193273	3.3932438	4.0040452	8.46802740273719	19.8674460279287	11.6616100011141	10.5062317	8.510369	5.17283	8.4498082	12.797995	13.1852529743	2.1549968	25.148852	17.36024653	25.27065857	1.453056	5.12004126	8.9988136	65.147743	13.395942	18.39364	0	9.9638386382465	40.8725460757179	6.39316401132631	25.27065857	29
G816	2L	6602455	6606852	-	205	1	0.402655	0.289697	0.582393	0.221939	0.350392	0	0.251344	0	0.158656	0.343281	0	0.103438	0.25712	0	0	0	1.11745	1.25884	0	0	0.211649	0.762537	0.0707394	0.217274	0.273005	0.155885	0	0	0	0.964751	0	0	0.359987	0.932851	34.4857	0.242354979310345	0.105271370334084	0.324455498233708	1.25884	2
G8203	2L	7158101	7158656	-	649	9	0.0813129	0.6325892	0.6951181	0.2363334	0.7067166	1.9125186	0.4301691	0.0887674	0.652034	1.129306	0.7591994	0.7180972	0.8604903	1.7669821	1.388049	0.570492	0.7413225568856	0.6978549	0.8476507	0.9921912	0.7877752	0.7962761	0.4010268	1.4063646	2.6154085	0.0838492	0.551635	0.5038876	1.1776586	0.2854064	0.1622648	0.604075	0.188812	0.608871	14.7307	0.83555435368571	0.3172215071638	0.56322420683401	2.6154085	7
G8241	2L	7588370	7588574	-	538	2	0.180897	0.0945748	0.621622	0.103265	0.509115	0.590505	0.184471	2.27367	0.438048	0.183645	0.374434	0.301773	0	0.305531	0.325837	0.0656253	0.0173693	0.645069	0.507279	0.619691	0.251705	0.560273	0.223077	0.305397	0.815141	0.275482	0.13979	0.28416	0.0300396	0.369599	0	0.240845	0.311256	0.251611	0	0.387154689655172	0.177991716555035	0.421890645256606	2.27367	1
G8267	2L	7588467	7590285	+	411	1	12.2298	16.3368	0.230966	3.42346	1.91878	14.0798	18.1056	4.40663	4.42498	8.77554	1.67999	0.0271158	6.69167	3.62394	9.46605	0.0327247	0.893873	7.25308	0	9.10371	2.01267	4.38835	1.72621	7.76783	13.849	8.2424	4.1347	3.57733	28.4827	36.643	8.48559	54.2156	12.2754	46.0047	0	6.78916205172414	43.2653475278972	6.57763996642392	28.4827	24
G8433	2L	9366258	9366631	+	1702	4	0.0177954	0.00350886	0	7.409899	0	0	0	0.011267	0.00746185	0.0523668	0.0134236	0.015164	0	1.305636	2.57838	0.00615469	0.00478146	0	0	0.0301416	0.049084	0.0164951	0.0069478	0	0	0.01548248	0	0	2.6145144	0.1068901	0.009694	1.5028002	4.02931	1.769993	0	0.488224277241379	2.25678909731416	1.50226132790343	7.409899	4
G8752	2L	11634012	11636265	-	528	1	78.3402	13.2677	14.0926	0	0.681213	0.144809	0.923472	1.72126	39.8838	15.8586	5.01395	0.0912689	4.66326	0.0897135	0	0.0449286	0.0357	70.2677	85.8054	13.1776	0.064513	2.79978	0.700011	0	0.102395	2.46529	0.0895652	0.0514138	0	210.862	0.20663	0.494732	0	0.516498	83.7547	12.0819359655172	595.007638881157	24.3927784165961	85.8054	13
G8997	2L	11663961	11664759	-	469	2	0.193548	0.0426188	0	0	0	0	0.0562323	0.152598	0	0.15058	0	0.087546	0.183963	0	0	0	0.0852564	0	0	0	0	2.28471	0.136169	0	0.0995608	0.0254778	0	0.0201429	0.0364065	0.0279413	0	0	0.0769126	0	0	0.122579637931034	0.176862937475001	0.420550754933339	2.28471	1
G9031	2L	11754612	11754899	+	327	2	0.955492	0.388021	0.143696	0.585762	0.204787	0.690734	0.654765	1.41557	0.746895	0.600611	0.721841	0.933712	0.812303	0.145823	0.430496	0.480847	1.21642	0.522135	0.780104	0.252766	0.65268	0.350926	0.465834	0.0874944	0.740812	0.261593	1.30084	2.74532	0	1.12412	0.283564	1.60386	0.561795	0.181525	19.706	0.665113082758621	0.285852227669956	0.534651501138785	2.74532	4
G9041	2L	11755892	11756174	+	350	3	0.187021	0.546974	0.0764681	0.322563	0.734201	0.12089	0.148001	0.138408	0	1.17643	0.975133	0.180386	0.212393	0.190217	0.148422	0.1412	0.729312	0.260859	0	0.373328	0.213272	0	0.0267936	0.214197	0.048139	0.176724	3.08151	0.156338	0.187444	2.96866	0.0694571	1.04551	0.137472	0	19.2895	0.371262886206897	0.355443969306821	0.596191218743468	3.08151	2
G9065	2L	12328064	12328495	-	430	1	0.0273383	0.0320684	0.0893528	0.37365	1.07622	0.326566	0.064152	0.847121	0	0.460636	0.195484	0.125881	0.279163	0.214227	0.103747	0.0304863	0.219906	0.162072	0.137742	0.0519282	0.0571204	0.16402	0.103745	0.67514	0	0	0.0950735	0.25062	0.289287	0.221755	0.0461258	0.168181	0.353176	2.66798	0	0.222508513793103	0.0660908868046991	0.257081478921954	1.07622	1
G9199	2L	12328600	12329130	+	876	2	0.604497	0.726673	0.61607	0.855297	0.539452	1.07798	0.966479	2.00701	1.17992	1.23184	1.28324	0.606097	1.28155	0.685575	0.768602	0.927795	0.789685	0.820085	0.124195	0.168199	0.492487	0.638691	0.937374	0.74225	1.31724	0.93512	1.21344	0.938975	0.419517	0.174927	1.77375	0	0.0634946	0.134641	7.94158	0.858459827586207	0.146262993523934	0.382443451406784	2.00701	8
G9200	2L	13087237	13087800	+	1032	2	0.218146	0.370517	0.113969	0.378556	0.188049	0.669417	0.130716	0.799228	0.186131	0.712938	0.408293	0.292863	0.233172	0.309013	0.193422	0.619465	0.17851	0.341768	3.45834	0.106777	0.104161	0.0244715	0.242271	0.179807	0.340737	0.0624778	0.655854	0.655563	0.0664718	0.134032	0.268653	0.470745	0	0.221712	6.47024	0.422107037931034	0.388815684856389	0.623550867898032	3.45834	1
G9232	2L	14004563	14007659	-	1627	4	0.0114253	0.00647972	0	0.072857	0.30528	0.121455	1.294666	0.0216757	0.00717767	0.0268455	0.025386	0	0.00692043	0.00579229	0.00556273	0	0	0.0376788	0.0249395	0.0374794	0	0	0.00668591	0.0596629	0	0.02669	0.00496649	0.018926	0.0159067	0.0193633	0.0186656	0.0974438	0.120864	0	0	0.0739468634482759	0.058621776549647	0.242119343608988	1.294666	1
G9398	2L	14574215	14574818	-	534	2	0	0	0	0	0	0	0	0	0.138407	0.4126	0.189197	0	0	0	0	0.022107	0	2.40587	0.0488547	0.018432	0.932088	4.4139	0	0	0	0	0	0	0	0	0	0	0.818184	0	1.04788	0.295912265517241	0.851019989688009	0.922507446955313	4.4139	2
G9432	2L	15999471	15999845	+	872	1	6.76268	5.70109	11.199	0.242585	3.98634	0.271086	1.35325	0.0215882	0.128676	0.245639	0.0582765	0.0738887	0.0542589	1.20657	10.275	8.71174	11.8122	0.0974729	7.33248	0.00939866	0.0115151	0.120433	0.566898	7.71592	11.012	7.03066	10.269	0.238305	0.0324483	1.13068	0	0	0.95804	1.03796	0	3.67380687103448	19.3747656058923	4.40167758995276	11.8122	14
G9493	2L	16099164	16100712	-	5800	4	1.730959216	0.504109	0.0550183	3.11702406	0.3052892	2.37419775	1.96730592	0.111451	1.40240859	12.64706832	0.00858906	0.00953766	1.90279566	0.225371	0.00569946	1.26340883	0.5465276	4.09509478	1.96117906	10.76706402242	2.3616569	1.98997079	1.22430331	2.04881541	0.47733989	0.126364	0.16829661	0.869088475	5.37070274	8.9888433	1.18217038	0.0268334	0.06601186	0.0465449	0.550295	2.05643574529035	8.89557867156491	2.98254566965284	12.64706832	16
G9561	2L	16113326	16115206	-	405	2	0	0.489318	0.0197257	0	0.355043	0.682148	0.246686	0	1.79602	0.22253	0.0955096	0.222447	0.344202	0.101206	0.0163616	0.268054	0.134705	0.470244	0.610453	0.746564	0	0.301813	0	0.893063	0.032339	0.0940786	0	0	1.44762	1.76767	0.151304	2.59	0.389839	0.508934	0	0.330694155172414	0.19352662217991	0.439916608211045	1.79602	2
G9724	2L	17069465	17077170	+	533	1	0.0203492	0	0	0.188339	0.0625319	0.0285344	1.79908	0.0209569	0.0832669	0.020687	11.1132	0.0899998	0	0.0442437	0.0213101	0	0.0176072	0.232533	1.37182	0.0184846	0	0.0195854	0.0376761	0	0.0201738	0	0	0.016924	0.121686	0.257331	0.0339974	0	0	0.0849624	2.52193	0.529275482758621	4.30817496849806	2.07561435929174	11.1132	3
G9826	2L	18394058	18395141	+	442	1	2.44486	0.632367	0.410558	0.936442	0.536066	0.0388972	0.553298	0.753814	2.37091	0.358063	0.395518	0.433163	1.27164	0.14655	0.155985	0.934847	0.32737	0.794549	0.493457	1.81156	0.741331	0.470671	0.0662589	0.512721	0.524391	0.428855	1.25695	0.109501	1.34901	2.31253	0.22142	0.966484	0.169022	1.11296	0	0.733089762068965	0.385850672539515	0.621168795529456	2.44486	6
G9847	2L	18797447	18797925	-	329	1	0	0.0480234	1.59181	0.133759	0.0674988	0	0.0498723	0	0	0.228747	0.034002	0.120417	0	0	0.023647	0	0.0775787	0.129062	0.0550908	0	0.0430767	0.130109	0.0270944	0.0432798	0.0487574	0	0.0357717	0.0687964	0	0.096751	0.140326	0	0.138905	0.1796	0.46425	0.1019446	0.0851337157470314	0.291776825239825	1.59181	1
G998	2L	20861283	20862035	+	374	1	0	0	0	0	0	0	0	0.110873	0	0	0	0	0	0.0385259	0.0749793	0	0.0308655	0.0256617	0.219052	0	0	0.276579	2.14288	0	0	0	0	0	0	0.156809	0	0.211046	0	0	5.56866	0.100669531034483	0.158697439318859	0.398368471793212	2.14288	1
